[
  {
    "pickup": "mumbai",
    "drop": "goa",
    "weight": "12000kg",
    "truck": "container",
    "price": "20000",
    "date": "3332-02-22",
    "status": "Delivered"
  },
  {
    "pickup": "mumbai",
    "drop": "gujrat",
    "weight": "10000kg",
    "truck": "flatbed",
    "price": "76000",
    "date": "2026-08-12",
    "status": "Delivered"
  },
  {
    "pickup": "delhi",
    "drop": "assam",
    "weight": "12000kg",
    "truck": "container",
    "price": "50000",
    "date": "2026-12-12",
    "status": "Accepted"
  },
  {
    "pickup": "kerala",
    "drop": "mumbai",
    "weight": "18000kg",
    "truck": "flatbed",
    "price": "56000",
    "date": "2026-03-10",
    "status": "Pending"
  }
]